frame,kp_0_x,kp_1_x,kp_2_x,kp_3_x,kp_4_x,kp_5_x,kp_6_x,kp_7_x,kp_8_x,kp_9_x,kp_10_x,kp_11_x,kp_12_x,kp_13_x,kp_14_x,kp_15_x,kp_16_x,kp_0_y,kp_1_y,kp_2_y,kp_3_y,kp_4_y,kp_5_y,kp_6_y,kp_7_y,kp_8_y,kp_9_y,kp_10_y,kp_11_y,kp_12_y,kp_13_y,kp_14_y,kp_15_y,kp_16_y,kp_0_conf,kp_1_conf,kp_2_conf,kp_3_conf,kp_4_conf,kp_5_conf,kp_6_conf,kp_7_conf,kp_8_conf,kp_9_conf,kp_10_conf,kp_11_conf,kp_12_conf,kp_13_conf,kp_14_conf,kp_15_conf,kp_16_conf
0,292.77417,325.9936,254.81467,372.26633,202.66292,411.0028,180.79425,443.08093,162.37527,391.65906,157.48769,370.14465,220.77602,393.54987,220.17583,341.12335,272.83347,466.8407,430.75272,435.62726,417.10895,427.7564,465.59033,472.95557,468.39246,468.25183,472.87512,481.84473,464.40405,465.50818,456.81042,453.69202,457.47583,457.2166,0.96814984,0.9852421,0.98446333,0.6759329,0.615947,0.23417783,0.23279089,0.018882513,0.029742718,0.07054615,0.08768585,0.005573541,0.0073275566,0.002952814,0.0037531853,0.003191799,0.003829211
1,293.82486,326.51053,253.79773,373.71942,197.96269,412.08563,180.85883,441.05743,162.71744,374.25104,160.88857,371.0495,223.2771,393.72025,229.52197,335.69913,287.6818,468.95734,431.89944,438.51715,412.00577,426.75342,463.51233,472.7569,474.6416,473.1626,469.89313,482.0421,474.94592,477.161,458.0976,456.90375,454.48413,457.4276,0.9673563,0.98447144,0.9853798,0.648517,0.63336873,0.22684392,0.22588578,0.015819699,0.02503246,0.06343159,0.079829246,0.0044882,0.0059491694,0.0028217137,0.0036417246,0.003544271,0.0042634606
2,294.4902,327.6027,255.54904,373.13058,201.89938,410.4875,181.22125,442.39362,165.5382,388.3954,167.0034,370.29755,221.90222,394.3271,226.13583,342.67535,280.10373,467.44727,430.30426,435.7937,416.3668,428.43784,465.5716,474.48834,468.37604,469.4386,473.719,480.0365,461.55096,463.7135,457.0365,455.81073,456.07776,457.23114,0.9725082,0.98636675,0.98682904,0.6654017,0.64627564,0.24877474,0.24800438,0.019979477,0.03138438,0.07930502,0.10001755,0.005665958,0.0073750317,0.002960384,0.0037683547,0.0030207634,0.0036036372
3,293.0651,326.44635,254.00122,373.05124,201.21927,412.8329,181.70572,443.21234,165.94038,383.54984,158.86568,372.16898,222.35909,395.11777,224.43478,341.27808,278.72153,468.9944,431.27783,437.07397,417.5413,430.30695,467.68292,476.60205,469.2898,469.3689,471.04077,481.93457,461.31018,462.92285,457.00928,454.8753,457.69092,458.6996,0.9669149,0.98479426,0.9835341,0.6681589,0.5945317,0.21976689,0.21357283,0.018046051,0.027098596,0.075017065,0.089456916,0.0051529408,0.006696075,0.00291875,0.0036738813,0.0030548573,0.0036420226
4,292.3242,325.8946,253.74664,373.1719,202.3875,414.80322,181.24734,446.12082,166.87784,388.06705,166.5331,374.0454,223.11679,396.89072,226.61322,341.6247,285.83685,469.6577,431.5706,437.11768,418.4295,430.5548,470.06396,478.60156,471.22632,471.40454,472.8579,480.73413,461.86047,463.38873,461.15375,458.61426,464.79272,464.9973,0.9668671,0.9855188,0.98355997,0.6880499,0.5886401,0.20549661,0.21027651,0.014658779,0.02463746,0.06351435,0.08271086,0.004545778,0.00617519,0.0027908683,0.0037286878,0.002980709,0.003721267
5,294.05896,326.11633,255.4392,370.3269,201.5028,408.20013,178.90067,435.5169,153.94952,379.73065,141.93622,363.70438,215.4075,383.8945,208.83759,322.68747,256.8349,463.5498,427.45364,433.83307,413.84647,427.6731,461.94232,472.76135,469.5794,473.37244,475.67145,489.03833,459.46716,461.7484,457.11774,456.66028,452.9215,454.77063,0.97124565,0.9862908,0.9858125,0.6492362,0.65757304,0.2933969,0.21640465,0.028308064,0.022918433,0.09136981,0.072401255,0.006663531,0.006695628,0.0033284128,0.0032275617,0.003293693,0.0032411814
6,292.46945,326.42126,252.52252,372.8113,198.61703,411.69052,176.54779,445.65094,163.61636,392.17926,179.23235,370.12317,218.60551,396.57236,224.24615,341.44092,284.6738,464.43365,425.4426,430.49985,411.99323,423.40958,466.30444,473.5382,469.6892,467.6632,481.3894,480.73975,458.09003,459.63458,458.38843,455.61127,463.088,462.12738,0.9737673,0.98874044,0.9876671,0.71787953,0.6495468,0.24888596,0.22291732,0.016411513,0.023377448,0.064367086,0.07692924,0.0049789846,0.006198734,0.0029850006,0.003715843,0.0032652915,0.0038516521
7,292.38364,325.4373,252.16199,373.1433,201.36612,414.04834,184.31859,445.69144,168.01224,394.59183,177.75948,369.6171,221.99786,397.11176,223.22809,339.7318,281.17902,462.36053,421.32108,428.55258,406.88794,423.15936,466.11865,476.63214,470.64966,469.82233,480.09253,478.857,449.72687,452.06885,451.28345,449.91565,458.96887,458.6029,0.97657216,0.9905547,0.98841554,0.75904137,0.63289857,0.2408835,0.23448518,0.013951838,0.023148417,0.058891416,0.0770815,0.0042928755,0.0057039857,0.0029948354,0.003983438,0.0033843815,0.004210055
8,294.47498,327.9395,255.131,373.1517,203.07376,415.72186,177.08339,444.37268,150.67496,374.1003,134.54547,366.79083,212.35437,393.27142,198.72482,318.954,242.7995,453.36932,413.53918,419.07706,403.7809,416.25214,462.05768,473.7531,461.69055,469.53076,473.1881,486.80908,443.70587,444.8708,461.52625,457.86572,468.56842,466.21783,0.97100526,0.98784375,0.986559,0.7123252,0.66401666,0.23787296,0.22377989,0.016376436,0.020672232,0.059431434,0.061449498,0.005765319,0.0069026947,0.003098607,0.0035806894,0.0028731227,0.003273785
9,297.07944,326.50748,255.51971,366.70084,203.17596,420.95935,164.8771,458.88263,127.01138,389.5298,123.711395,370.17157,208.51688,395.69092,183.11163,309.1436,234.8085,414.6404,374.40793,380.35703,377.36017,393.2041,468.86047,475.47626,475.35272,464.37476,479.49658,482.4013,428.10297,429.4155,459.16248,461.7561,467.21307,479.8672,0.98510873,0.99173284,0.99419224,0.7519936,0.8834717,0.3728775,0.4554361,0.010020673,0.022996783,0.024864197,0.04241234,0.0060688853,0.008919895,0.0029699504,0.0040519834,0.0024475157,0.0030557215
10,295.4676,326.69293,253.0951,367.64447,199.45078,421.58896,161.94656,467.88803,133.49957,396.60605,138.88226,374.58167,212.4156,398.0393,201.07547,309.88052,260.15802,406.3501,365.8472,369.50504,371.03043,381.84406,467.80444,468.04346,484.95404,466.73486,478.19672,476.7624,434.07703,433.04474,466.1277,464.17188,471.0011,480.9864,0.98767686,0.992195,0.99451065,0.7527124,0.89004576,0.45752066,0.54517066,0.011387795,0.027584791,0.02759561,0.051261514,0.0059880614,0.008925468,0.0023770034,0.003456831,0.0016238987,0.0021373034
11,295.52484,324.91486,255.88924,365.2677,206.27003,421.55096,155.08281,466.2649,125.3943,395.48633,171.28564,374.27216,210.34578,399.2232,203.04132,304.27136,280.21686,384.4699,345.53796,349.6963,353.89584,365.82053,459.1723,470.3813,477.64685,481.4732,472.2315,462.23016,440.50598,446.53375,454.03296,465.33173,472.98926,492.98004,0.9864158,0.99091786,0.9934032,0.7640365,0.8943056,0.45819488,0.58619505,0.0072905123,0.019279689,0.017834008,0.03693977,0.0042243004,0.00647372,0.0023067892,0.0035139918,0.0018827617,0.0025265217
12,293.89923,322.6196,258.2475,364.12427,212.7124,416.89484,156.9598,463.9696,120.359665,386.69128,196.06131,368.16986,210.67317,392.76355,217.61932,302.11813,293.1912,358.00052,325.84027,329.03366,340.00778,349.0457,447.1637,461.89886,469.50513,485.54095,463.39752,446.10065,465.7397,474.48224,438.17596,454.05902,470.15552,489.56934,0.9878821,0.9913159,0.99179816,0.8069855,0.86832035,0.56521237,0.668308,0.010271251,0.021361142,0.023660064,0.04221782,0.0044136345,0.0061896443,0.0025345385,0.0036325455,0.002284944,0.0029433668
13,293.6074,322.24594,257.83908,363.11145,211.80322,421.49976,151.84804,467.74448,118.46669,386.37238,193.09015,374.3883,211.35495,397.96783,216.21893,299.4587,304.4189,354.58377,321.4976,324.1795,335.28015,343.6252,448.27423,463.4912,475.71173,493.39832,465.97107,448.37268,470.4599,479.18652,444.5725,459.2375,474.70575,492.53424,0.98804545,0.99149036,0.99153566,0.8247752,0.8744246,0.6271207,0.69919527,0.011128277,0.019322217,0.023403585,0.037139177,0.0044099987,0.0058172643,0.0023550987,0.003180921,0.0019834638,0.0024712682
14,292.49588,321.71658,257.04407,361.51642,211.42365,417.978,162.96863,462.09448,138.15215,395.56253,185.54929,370.17157,212.45667,382.9781,201.98602,306.41812,278.54358,348.0413,316.26373,318.69067,331.95453,339.6275,445.36438,451.28436,472.8482,467.68964,472.0324,439.27307,465.92896,468.61578,432.44275,438.52954,454.22192,465.0177,0.98859346,0.9910532,0.99162865,0.8415177,0.85659045,0.70657456,0.76911354,0.027016312,0.058243304,0.053882897,0.09694275,0.0066980124,0.009717077,0.0020087063,0.0028881133,0.0012758374,0.0016479492
15,289.07352,318.68558,254.24902,360.66907,208.52374,423.04193,156.93066,465.74005,120.01175,366.85016,153.97108,372.07834,211.86774,392.27704,212.47124,291.73602,301.82233,352.82047,320.72443,322.3455,331.4869,337.1358,446.8003,452.58386,482.72998,484.17725,465.55676,461.52234,476.21655,477.56165,443.64777,442.62018,484.98248,489.24768,0.9881325,0.9914204,0.9910865,0.8424213,0.86062455,0.66329193,0.74805045,0.013003647,0.027063698,0.025554717,0.043064922,0.004507154,0.006575614,0.0024701357,0.0035943985,0.0020572841,0.0027757883
16,289.6027,318.20813,255.17435,359.65634,208.23572,422.53528,144.61206,466.27295,111.11223,369.69214,184.27696,369.72098,204.14435,393.5261,209.80002,286.41287,318.50427,355.29504,322.67783,324.2841,329.70337,335.71414,448.15448,462.16614,484.01453,504.97278,465.42102,463.0301,482.71948,489.62646,445.65942,453.4253,474.9989,486.52386,0.98641014,0.990536,0.99005103,0.8554041,0.8698703,0.70941657,0.7680085,0.013348907,0.021691293,0.026232809,0.0373919,0.004428178,0.0057472885,0.0024148822,0.0032434165,0.0021367967,0.0026937127
17,289.32544,318.64505,253.42316,361.85074,206.08533,420.8365,150.56857,465.72308,121.17435,372.27106,193.64899,368.97266,207.37073,391.0669,218.28633,287.09464,313.98093,353.54822,321.102,323.78223,329.84976,337.88104,445.1703,457.39545,480.9107,494.71802,463.01837,457.90033,481.92737,488.44592,440.37067,449.75244,470.3321,484.85205,0.9877242,0.99110305,0.9907042,0.83923715,0.8652524,0.7004763,0.7405382,0.014788389,0.022430211,0.029863268,0.040971816,0.0045950115,0.0057735145,0.0024761558,0.0032456517,0.0021895766,0.0026857257
18,287.35458,317.0791,252.95483,358.68796,207.43637,415.89154,155.36475,457.38513,134.5921,389.09656,203.45602,364.94305,204.90424,382.46466,204.5697,301.08984,297.0583,352.56848,320.97443,322.981,331.29688,337.51413,445.2544,449.5116,477.83105,471.9109,468.63702,434.68213,478.71002,481.1598,432.75867,436.6031,448.7885,457.72577,0.98631227,0.9903418,0.9891412,0.87418085,0.8215351,0.7476583,0.7879455,0.03153342,0.06081584,0.06372267,0.105573416,0.006763369,0.009393603,0.0019981265,0.0028902888,0.00135535,0.0017780662
19,289.0135,317.03146,254.52014,359.54785,208.54073,422.218,145.22415,464.61798,114.06213,359.88623,203.41052,367.36664,203.06018,392.58865,215.11465,283.91794,324.46094,354.3916,321.91568,324.73984,328.34796,336.857,448.33423,463.65332,490.9892,510.39655,464.90662,458.73737,485.36566,493.6872,438.7433,450.61536,465.48914,482.88477,0.98571646,0.9902676,0.9886738,0.8702725,0.85573345,0.74375325,0.7828891,0.016269326,0.022867799,0.033557057,0.043093443,0.004436016,0.0054281354,0.0024285614,0.003147751,0.002133131,0.0026126206
20,289.90662,318.33435,254.6742,360.38815,207.2757,419.2937,147.63501,468.99002,114.77504,387.2498,199.66011,369.22595,207.87204,395.00534,220.35176,290.73352,320.86505,355.4774,322.72064,325.1385,328.60474,336.2889,443.61688,460.88934,477.5951,505.03375,464.2528,456.69318,483.776,492.99384,441.15198,452.51172,470.6305,482.63428,0.98763,0.9908762,0.99094856,0.8371322,0.8760431,0.726337,0.75239813,0.016057402,0.021889865,0.032026887,0.04212454,0.0046771765,0.0055257976,0.0025458634,0.0032151043,0.0022690892,0.002707243
21,293.477,321.71967,256.27136,363.72797,207.16306,417.7754,151.85812,470.24414,122.457565,396.77942,211.83264,369.76993,211.45255,390.66144,226.96756,290.99066,314.92398,354.4863,322.14996,325.79086,331.13028,341.80182,442.33783,463.01135,472.89417,503.547,465.4519,454.5548,481.97522,493.73975,440.7885,459.29218,465.5569,484.1344,0.9889382,0.9908101,0.99236083,0.79044706,0.89537334,0.7116422,0.7316138,0.01644662,0.02146867,0.03259355,0.04268208,0.005038321,0.005750507,0.0026175082,0.0031689405,0.0023009777,0.0025971532
22,298.13757,325.88058,259.77087,365.5458,207.41797,421.7719,149.82426,473.01895,116.05904,388.5224,199.75833,375.2417,213.18228,394.74496,225.09402,295.77777,316.48257,354.36862,322.2071,324.73166,331.73288,340.92996,445.72186,461.5813,474.17725,495.336,463.27124,451.66913,482.7426,492.26953,446.12305,460.86115,469.17615,485.40454,0.98900855,0.99025625,0.99336374,0.74627495,0.9162849,0.6705513,0.7138412,0.012819916,0.019500732,0.026441157,0.039461195,0.00449878,0.005476773,0.002367705,0.0029643774,0.0021331012,0.0024559498
23,302.66797,329.57666,264.41647,366.688,213.1898,421.68573,154.54202,472.04767,116.476746,390.17056,196.94492,376.17825,214.63742,396.13135,216.66676,305.5491,296.12445,352.99692,320.2152,322.83792,333.6619,343.41666,445.63275,462.24536,470.46436,491.4469,461.37012,446.01727,471.20996,480.94537,445.6234,461.73022,471.1775,487.76648,0.9899429,0.99102294,0.9938991,0.7315429,0.9161906,0.629241,0.682987,0.013035327,0.020012468,0.029134125,0.043494493,0.0049031675,0.0059856474,0.0024499,0.002986014,0.0019794405,0.0022341907
24,303.82678,329.99402,266.22235,366.91174,214.79106,423.21692,152.6543,468.70044,118.96353,380.18683,213.89183,374.5627,211.26384,397.70135,213.46935,300.81036,302.26242,353.02863,320.25778,322.94095,330.40552,340.26517,446.44263,461.73535,476.85754,495.5736,461.84607,453.42596,477.23602,486.8427,448.3211,464.3208,468.7743,488.52637,0.98815763,0.98943657,0.9931865,0.7346923,0.9160857,0.6192646,0.7021782,0.010779977,0.019699186,0.02376151,0.039022803,0.004501343,0.005847603,0.0023390055,0.0030638278,0.0020961761,0.0024894476
25,306.81082,333.24524,269.2011,367.99487,219.02379,423.7303,151.05974,469.14655,115.069275,383.76242,202.88898,374.60107,208.80782,403.05948,212.98193,305.32474,297.17932,355.485,320.9292,323.01422,336.10013,344.75433,452.2152,467.9322,479.21985,498.7303,463.0912,451.02203,463.13477,473.48578,451.614,470.1325,471.1277,494.51044,0.98896146,0.9902463,0.9935659,0.7396792,0.92022204,0.6241209,0.68919045,0.011326879,0.017767876,0.02510193,0.037459046,0.004765123,0.0058363676,0.0022643805,0.0027896166,0.0016913116,0.0019231141
26,310.6272,335.85367,271.40643,368.9531,218.84003,420.4402,155.14723,465.64194,114.69237,383.78073,191.33487,370.01263,209.06512,395.65375,215.02863,299.84732,287.8146,354.4565,320.45645,323.66498,335.19528,346.74557,448.88965,463.75427,478.40662,492.15442,465.2574,456.424,462.9713,473.52332,452.00378,473.31445,468.23102,496.7649,0.98974,0.98912424,0.9948905,0.6427231,0.9415468,0.59764755,0.6736637,0.010309041,0.017607301,0.021075636,0.03401798,0.0047286153,0.0059105456,0.0022931397,0.002807647,0.0018374026,0.002024144
27,311.64288,337.17288,272.11615,369.21948,218.75288,416.6209,158.02673,464.2813,121.07938,395.39978,199.3125,370.50546,213.1431,391.16714,215.88019,300.45544,283.4153,355.67633,321.65515,324.04422,337.43823,347.2661,447.30786,462.40796,473.51038,491.60516,464.9121,453.63965,460.10223,470.5592,455.95117,476.06427,472.74463,496.7254,0.9905695,0.9892962,0.9954387,0.5911414,0.94727284,0.5906311,0.64104843,0.010751694,0.016400874,0.021541238,0.032954037,0.00496462,0.0058521926,0.0023717284,0.002723515,0.0018350482,0.0019159913
28,315.64304,340.122,275.98386,369.00665,220.62073,417.6247,156.51064,464.42346,112.142136,379.60782,181.8024,371.35254,212.57939,389.08542,208.81927,301.4953,275.58026,357.1856,323.49103,325.20224,340.01544,349.15793,450.38727,464.78943,476.2539,492.73694,463.24713,457.75787,455.9428,465.59967,454.94928,473.51605,470.00616,493.31274,0.9905618,0.98894227,0.9956504,0.5758451,0.95251226,0.5860729,0.6544987,0.011325151,0.01747775,0.02395749,0.035701603,0.005069107,0.0060747564,0.0023733675,0.002646178,0.0017519295,0.0017936528
29,316.10562,340.00818,277.0735,369.40222,221.46823,421.14325,153.4755,465.75165,110.15462,375.13068,189.77351,370.58636,207.6331,394.05444,204.56235,302.15988,277.0585,357.09515,324.55383,326.4801,339.27267,348.7866,452.50348,465.2815,480.83325,493.43347,463.43762,459.27405,464.57715,473.88782,455.52094,473.98486,468.05505,493.7005,0.98925865,0.9877335,0.99536675,0.58797693,0.95365167,0.5746127,0.6689156,0.009813517,0.017850548,0.02029556,0.03382221,0.0048373938,0.006163746,0.002301544,0.0027674139,0.0018991232,0.0020501912
30,316.83215,340.6591,276.4483,370.2172,218.92654,417.03485,157.6806,464.72153,114.36841,381.40222,193.65762,368.56134,211.71634,387.69022,212.04831,302.21707,278.89478,359.1201,326.52118,329.1131,340.10397,351.26587,450.80762,465.6682,476.1491,492.69806,460.99884,458.10107,465.11725,475.4519,455.30646,475.0204,465.5315,489.94568,0.9902569,0.98808426,0.99585366,0.5375622,0.9560554,0.5743241,0.6374421,0.010915011,0.016894192,0.023800433,0.0357261,0.0050145388,0.005924523,0.0025273561,0.0028189719,0.0021114051,0.0021344125
31,318.54797,341.00763,277.4486,368.22754,219.45857,415.70166,163.02887,463.51712,120.9754,382.3463,190.06161,371.136,217.54796,389.02344,216.80347,304.18793,274.873,358.8267,326.09848,329.5932,340.01318,353.49036,448.41705,462.63068,475.31256,486.40576,462.57928,454.67224,462.39386,472.28833,456.90643,476.40027,467.82855,491.72205,0.9906417,0.9875606,0.9961231,0.48924822,0.9608631,0.5762473,0.62701833,0.011659861,0.017532349,0.023300916,0.03565243,0.0054600537,0.00637874,0.0025829077,0.0028175712,0.0020697415,0.0020506382
32,316.56677,340.54016,276.4443,370.4728,219.0345,415.81076,161.86229,462.27588,125.38927,383.1595,206.63483,371.05652,217.36592,387.88223,220.66997,303.018,286.4336,358.04373,327.0169,329.45404,341.09927,351.70148,448.3385,462.83533,472.43182,488.84015,462.7146,451.66144,468.91693,479.0636,452.70605,471.90027,467.51392,489.1046,0.9900315,0.98721826,0.9957655,0.5051057,0.9583049,0.5847339,0.6252645,0.011525482,0.01664254,0.023165673,0.034752935,0.0052287877,0.005979508,0.0027926266,0.0030436218,0.0024891198,0.00246045
33,317.58398,341.45386,276.78937,370.0886,218.0149,416.43448,155.91776,462.6886,118.39896,376.39917,208.23183,371.38586,213.66396,389.0118,213.45155,302.99454,283.84314,361.13965,327.9399,330.018,341.884,352.18552,453.1328,468.65698,475.516,494.5735,460.3343,454.6526,462.77185,473.59436,458.07428,477.99286,466.0854,489.4983,0.98936284,0.9872711,0.9956806,0.51895446,0.9561895,0.5319907,0.59867495,0.008835256,0.013844848,0.02049619,0.031542152,0.0045093,0.005345404,0.00250718,0.0027983189,0.0022072792,0.002229482
34,317.0327,341.52197,276.20883,370.66083,219.03333,419.48187,157.81203,464.05286,119.72092,378.29178,201.93422,375.27832,214.52872,393.97726,207.20412,308.5496,268.94547,361.66904,328.05945,329.9287,345.22864,354.98114,454.18292,467.60608,474.39093,489.01093,465.25012,456.39313,452.69775,461.74335,459.9651,476.70776,474.17847,493.63892,0.9896979,0.9887127,0.99575055,0.5487196,0.9541087,0.5093839,0.575252,0.008683205,0.014040738,0.019024014,0.029964566,0.004911065,0.0059447885,0.002502501,0.002815932,0.0020126402,0.0020682514
35,309.85522,336.84097,270.01645,373.13913,217.6385,417.56293,159.00174,457.63275,117.922455,374.9718,203.77599,370.11407,213.37894,388.48914,218.72887,297.4262,284.03024,362.6425,328.02356,331.31277,342.40094,353.66452,451.90308,468.3595,475.90967,493.40863,460.5675,450.79785,460.338,471.60474,455.8506,478.1831,465.34875,493.36005,0.98880875,0.9899975,0.9939451,0.68536,0.91666555,0.53268504,0.6299823,0.009198278,0.016498268,0.022252083,0.03630215,0.0046310425,0.0059863925,0.002319008,0.002911508,0.0018599033,0.0021069646
36,307.9788,335.40918,268.9527,372.09283,216.68547,418.50467,158.00186,461.0719,114.1819,384.87054,183.90552,371.32916,213.47,391.5716,215.68521,298.04926,281.98755,363.332,329.5697,332.14493,342.88068,352.26068,450.36957,465.2948,471.63446,488.98425,463.9947,454.83496,459.31165,469.10327,451.91504,470.3587,467.00134,490.1325,0.98888886,0.99028003,0.9943027,0.68737644,0.92324424,0.53744733,0.62432575,0.0088817775,0.0157305,0.018872023,0.030899882,0.00455603,0.0058924556,0.0024583042,0.0030705929,0.0021634996,0.0024522543
37,305.01523,332.6763,266.86493,371.3827,217.41907,418.67877,158.82474,459.91754,110.34561,375.57013,185.11928,366.8995,209.9241,388.09045,220.50345,295.7828,285.11163,362.36502,329.68253,332.8717,344.22754,354.44724,452.37573,464.67017,481.96484,490.94385,461.2467,451.48608,468.78925,477.68823,451.94348,470.10986,466.39856,492.02625,0.9890114,0.9912938,0.99294907,0.76967394,0.89352,0.6024271,0.6813383,0.0121772885,0.020287275,0.026064575,0.039615035,0.0050322413,0.006474465,0.0022608638,0.0028697252,0.0017544925,0.0020451546
38,304.59384,330.9285,266.2277,368.71304,216.2136,418.13998,159.922,462.72125,113.40541,379.9818,190.62717,368.6673,212.45993,393.05927,220.41425,302.36804,283.95706,362.96558,330.59818,334.41467,343.16663,355.2115,450.98486,465.46912,473.97253,486.52216,459.3285,448.33484,468.29132,478.04565,451.01147,469.83008,465.76697,490.14636,0.9884068,0.99067104,0.99325275,0.74555206,0.9026092,0.55804086,0.6571486,0.010424197,0.019931197,0.02317673,0.039674133,0.0049604475,0.006659299,0.0023694634,0.0031618178,0.0020014346,0.0024088025
39,306.24136,333.63776,267.09042,371.6588,215.01225,419.63675,156.00406,462.95123,105.38902,377.4989,177.51144,369.82883,211.20041,391.5391,218.33052,299.08563,288.46716,365.60858,331.86295,334.96384,343.16333,353.7329,452.2951,466.76904,476.68286,490.70557,458.52557,449.3598,468.2113,477.91492,451.4124,469.58972,463.88574,487.89716,0.9889444,0.9907679,0.9938761,0.72733104,0.9110241,0.5602851,0.6622356,0.010064781,0.01881501,0.023909688,0.040165573,0.0044097006,0.0058820546,0.002194941,0.0028654933,0.0018457174,0.0021799803
40,308.0419,335.58383,267.8454,373.74203,215.33028,418.46478,159.68213,459.96997,115.40085,376.25668,188.25533,367.21194,210.279,389.70734,216.75322,298.6477,279.0179,366.14435,331.39984,335.30515,343.69254,355.91034,452.38184,466.22156,477.2577,487.08606,462.73444,452.53046,461.78387,471.5705,451.7964,472.54584,463.46912,492.35242,0.988899,0.9908886,0.9941311,0.6995103,0.9101268,0.5104274,0.58583117,0.0088401735,0.014664054,0.021236569,0.032500952,0.0042069256,0.005330533,0.0023346245,0.002888143,0.00206995,0.002323091
41,307.65048,334.96524,268.3114,374.01648,218.13167,419.64688,160.18915,458.46606,115.43675,371.58875,193.57909,363.54147,206.27295,385.55884,217.15242,289.97775,277.20352,364.83496,331.14178,335.7741,345.01498,358.4007,452.88043,466.7621,484.59375,492.3849,462.0357,454.2591,464.7495,474.9101,451.8546,474.88745,461.41016,495.01685,0.98849297,0.9907501,0.99319136,0.74617976,0.9011619,0.58668804,0.6515114,0.011881679,0.018105716,0.025662184,0.036013335,0.0050497353,0.006215006,0.0023098886,0.0028053224,0.0018158555,0.0020165741
42,308.29153,336.08478,269.96918,375.19617,219.5568,417.65277,160.38329,458.83936,115.07065,374.00235,194.10397,360.72595,207.01714,385.5916,223.00906,288.16788,295.47656,371.9392,336.34912,340.52567,342.74252,354.57263,449.54987,464.8374,481.7533,493.83148,463.04266,448.50287,462.87122,473.68854,443.8767,466.7976,453.7694,487.07135,0.98807716,0.99067974,0.99253786,0.76979196,0.8863933,0.63115764,0.67413455,0.014899522,0.01963064,0.03510809,0.044620693,0.0049773455,0.005771339,0.0024923384,0.0029399097,0.0019726455,0.0021568239
43,309.84186,338.55338,269.57745,376.63846,211.98178,419.40143,148.32253,462.18805,106.75847,374.71625,193.99588,365.37692,203.70436,384.6095,212.03842,285.7906,297.1389,376.03522,340.0989,342.29492,344.55136,352.92535,454.5835,470.33685,483.2481,503.56732,468.1573,459.55615,471.9663,482.62897,455.79053,475.36224,458.05035,484.63043,0.988088,0.98958325,0.99434817,0.6861708,0.92439675,0.58451355,0.64178324,0.010492265,0.015059084,0.025711358,0.03526956,0.0040814877,0.0048117638,0.0022689402,0.0026455522,0.0020838082,0.0022224784
44,310.63315,338.46927,270.37222,377.37238,216.00058,415.5003,164.09157,455.48944,115.647995,372.86462,187.11487,361.85297,212.15988,383.07104,226.94652,289.8692,293.53162,376.5169,340.40054,344.7115,343.17923,355.62357,448.72937,461.49316,481.94446,488.4284,464.61792,448.5381,467.0584,476.4558,450.2876,469.6549,454.3429,482.71375,0.9889507,0.99048877,0.99386835,0.7026162,0.9017668,0.5998084,0.6368894,0.01445362,0.0193806,0.03569421,0.047560662,0.004970342,0.005749792,0.002598375,0.003015101,0.0021719337,0.002324164
45,320.47858,347.8026,278.7747,383.19873,218.83824,422.60516,160.0499,462.2285,113.572205,367.1526,196.50647,367.44568,211.33263,380.7708,213.84787,286.4111,288.2261,373.5501,337.24188,340.38092,342.8931,353.86563,457.36688,470.40137,484.42938,493.57178,465.1869,448.91223,465.50732,474.82904,451.1494,470.80072,457.12817,485.29504,0.9877267,0.9881348,0.9949151,0.5936477,0.9329844,0.47750503,0.56944805,0.0070024133,0.012338817,0.020569146,0.033456683,0.0031258762,0.0039925575,0.0023807883,0.002897799,0.002467692,0.0026615262
46,331.20135,359.37592,291.05307,391.3722,228.968,423.0599,161.42453,458.07236,111.2628,377.00592,188.94714,361.5861,206.1384,375.17828,203.2804,276.49136,281.46426,375.8225,338.91763,339.41602,343.73993,348.27826,458.3307,467.13635,485.1256,494.8877,468.74268,454.83612,461.9831,469.28894,458.04913,473.47186,460.93848,485.32983,0.98846465,0.98647475,0.99592555,0.49887818,0.95196617,0.50393456,0.5672502,0.0076304376,0.011564791,0.020891666,0.030365527,0.0033001602,0.0038547218,0.0024730563,0.00270015,0.002453208,0.0023992658
47,334.80197,363.67957,294.39194,396.7443,231.58435,426.95544,163.5163,464.7431,105.54753,404.58838,169.2034,361.08932,204.78568,374.4353,200.62683,272.08682,274.83163,376.00748,339.29633,339.96292,342.47006,347.0209,455.99725,464.12952,481.6978,491.40558,472.53394,460.90887,468.32904,475.37354,461.9923,477.11743,463.98645,488.17615,0.9900479,0.98780835,0.99658763,0.4883111,0.95781195,0.54612553,0.57927096,0.008758128,0.011716008,0.020044774,0.02691406,0.0035562515,0.0039239526,0.0023478866,0.0024261475,0.0023027956,0.0021508634
48,340.533,368.12994,299.48376,401.93387,239.36531,430.6643,187.61182,457.3493,140.43805,368.49094,189.81198,363.22113,216.32272,378.40897,220.42645,282.28287,270.469,372.69318,338.3814,341.05222,344.89093,353.5815,454.39606,453.0125,498.79236,482.79474,461.26715,469.80322,470.47705,472.6922,469.5376,479.76276,463.32532,491.58875,0.9903991,0.988678,0.9958691,0.51491445,0.94142455,0.5881655,0.5629784,0.014444262,0.014238894,0.029776841,0.029761463,0.0050556064,0.0050881505,0.002494216,0.0023736358,0.0020112395,0.001801014
49,347.20853,372.84766,304.1378,402.25537,240.59076,432.48907,191.80847,465.74512,142.47261,385.62817,184.91257,376.75113,230.48557,393.26035,226.13257,315.48325,276.2864,374.5035,339.59384,341.16943,346.53305,354.66733,459.5354,449.49915,498.54602,459.96075,470.68134,464.74127,466.6969,466.09766,469.25073,476.11963,458.49335,485.83954,0.9893768,0.98507464,0.996994,0.3571726,0.96298754,0.39125073,0.49264586,0.00651592,0.016437858,0.01641947,0.034802794,0.0038990974,0.005533576,0.0025475025,0.003224969,0.0028275251,0.0030162036
